title,current_price,link,highest_price,lowest_price,recommendation_metric
Tissot Men's Le Locle Stainless Steel Dress Watch,715.,https://www.amazon.com/Tissot-Locle-Stainless-Steel-Leather/dp/B09X71Q9FQ/ref=sr_1_1?dib=eyJ2IjoiMSJ9.oanxahsAPoG31-LiCrQ1PZz9Yx8lRkUiRBpimCx5Uny5JoGrTbt_kY5SueY3vxomBxrADWDVWO-9bycZziK8CrzuReWilm7H4bBlpA2pOJ8b6ygT1-c1oByDPlY-phP_GaGhXUgebS99lNhnF6DbusLOVQ5vDjPFOxR0p-T3J6yQX105f8hsbooHNugnzP7tZQtcTS_77Xh0I9JEdCzc6e2iPKmZUNDFWC5kJy6V1n-Fu3nk2ha3LICj-Y9sbFbcTTM3hTg509a7O3EfJ2IixYA47ws0_kTyYS-o4PDzGmQ.b3BOh6o-n1B6uwMLLbM-fs5X7A_8t-kIjF_sjSjDmFc&dib_tag=se&keywords=tissot+le+locle&qid=1717635459&sr=8-1,N/A,N/A,N/A
Tissot Le Locle Powermatic 80 Open Heart,N/A,https://www.amazon.com/Tissot-Locle-Powermatic-Open-Heart/dp/B0C9SB8Y8Q/ref=sr_1_2?dib=eyJ2IjoiMSJ9.oanxahsAPoG31-LiCrQ1PZz9Yx8lRkUiRBpimCx5Uny5JoGrTbt_kY5SueY3vxomBxrADWDVWO-9bycZziK8CrzuReWilm7H4bBlpA2pOJ8b6ygT1-c1oByDPlY-phP_GaGhXUgebS99lNhnF6DbusLOVQ5vDjPFOxR0p-T3J6yQX105f8hsbooHNugnzP7tZQtcTS_77Xh0I9JEdCzc6e2iPKmZUNDFWC5kJy6V1n-Fu3nk2ha3LICj-Y9sbFbcTTM3hTg509a7O3EfJ2IixYA47ws0_kTyYS-o4PDzGmQ.b3BOh6o-n1B6uwMLLbM-fs5X7A_8t-kIjF_sjSjDmFc&dib_tag=se&keywords=tissot+le+locle&qid=1717635459&sr=8-2,N/A,N/A,N/A
Tissot Mens Le Locle Stainless Steel Dress Watch,765.,https://www.amazon.com/Tissot-Locle-Stainless-T0064071103300-Leather/dp/B09XHFVG4X/ref=sr_1_3?dib=eyJ2IjoiMSJ9.oanxahsAPoG31-LiCrQ1PZz9Yx8lRkUiRBpimCx5Uny5JoGrTbt_kY5SueY3vxomBxrADWDVWO-9bycZziK8CrzuReWilm7H4bBlpA2pOJ8b6ygT1-c1oByDPlY-phP_GaGhXUgebS99lNhnF6DbusLOVQ5vDjPFOxR0p-T3J6yQX105f8hsbooHNugnzP7tZQtcTS_77Xh0I9JEdCzc6e2iPKmZUNDFWC5kJy6V1n-Fu3nk2ha3LICj-Y9sbFbcTTM3hTg509a7O3EfJ2IixYA47ws0_kTyYS-o4PDzGmQ.b3BOh6o-n1B6uwMLLbM-fs5X7A_8t-kIjF_sjSjDmFc&dib_tag=se&keywords=tissot+le+locle&qid=1717635459&sr=8-3,N/A,N/A,N/A
Tissot Men's Le Locle Stainless Steel Dress Watch,715.,https://www.amazon.com/Tissot-Locle-Stainless-T0064071605300-Leather/dp/B09X73DVM2/ref=sr_1_4?dib=eyJ2IjoiMSJ9.oanxahsAPoG31-LiCrQ1PZz9Yx8lRkUiRBpimCx5Uny5JoGrTbt_kY5SueY3vxomBxrADWDVWO-9bycZziK8CrzuReWilm7H4bBlpA2pOJ8b6ygT1-c1oByDPlY-phP_GaGhXUgebS99lNhnF6DbusLOVQ5vDjPFOxR0p-T3J6yQX105f8hsbooHNugnzP7tZQtcTS_77Xh0I9JEdCzc6e2iPKmZUNDFWC5kJy6V1n-Fu3nk2ha3LICj-Y9sbFbcTTM3hTg509a7O3EfJ2IixYA47ws0_kTyYS-o4PDzGmQ.b3BOh6o-n1B6uwMLLbM-fs5X7A_8t-kIjF_sjSjDmFc&dib_tag=se&keywords=tissot+le+locle&qid=1717635459&sr=8-4,N/A,N/A,N/A
Tissot Mens Le Locle Stainless Steel Dress Watch,765.,https://www.amazon.com/Tissot-Locle-Stainless-T0064071105300-Leather/dp/B09XH7X31H/ref=sr_1_5?dib=eyJ2IjoiMSJ9.oanxahsAPoG31-LiCrQ1PZz9Yx8lRkUiRBpimCx5Uny5JoGrTbt_kY5SueY3vxomBxrADWDVWO-9bycZziK8CrzuReWilm7H4bBlpA2pOJ8b6ygT1-c1oByDPlY-phP_GaGhXUgebS99lNhnF6DbusLOVQ5vDjPFOxR0p-T3J6yQX105f8hsbooHNugnzP7tZQtcTS_77Xh0I9JEdCzc6e2iPKmZUNDFWC5kJy6V1n-Fu3nk2ha3LICj-Y9sbFbcTTM3hTg509a7O3EfJ2IixYA47ws0_kTyYS-o4PDzGmQ.b3BOh6o-n1B6uwMLLbM-fs5X7A_8t-kIjF_sjSjDmFc&dib_tag=se&keywords=tissot+le+locle&qid=1717635459&sr=8-5,N/A,N/A,N/A
Tissot Mens Classic Dream Stainless Steel Dress Watch,332.,https://www.amazon.com/Tissot-Classic-Stainless-T1294101101300-T852047916/dp/B09XHF83FT/ref=sr_1_6?dib=eyJ2IjoiMSJ9.oanxahsAPoG31-LiCrQ1PZz9Yx8lRkUiRBpimCx5Uny5JoGrTbt_kY5SueY3vxomBxrADWDVWO-9bycZziK8CrzuReWilm7H4bBlpA2pOJ8b6ygT1-c1oByDPlY-phP_GaGhXUgebS99lNhnF6DbusLOVQ5vDjPFOxR0p-T3J6yQX105f8hsbooHNugnzP7tZQtcTS_77Xh0I9JEdCzc6e2iPKmZUNDFWC5kJy6V1n-Fu3nk2ha3LICj-Y9sbFbcTTM3hTg509a7O3EfJ2IixYA47ws0_kTyYS-o4PDzGmQ.b3BOh6o-n1B6uwMLLbM-fs5X7A_8t-kIjF_sjSjDmFc&dib_tag=se&keywords=tissot+le+locle&qid=1717635459&sr=8-6,N/A,N/A,N/A
Tissot Mens Gentleman Stainless Steel Dress Watch,N/A,https://www.amazon.com/Tissot-Gentleman-Swiss-Automatic-Stainless/dp/B07XTVQ3W7/ref=sr_1_7?dib=eyJ2IjoiMSJ9.oanxahsAPoG31-LiCrQ1PZz9Yx8lRkUiRBpimCx5Uny5JoGrTbt_kY5SueY3vxomBxrADWDVWO-9bycZziK8CrzuReWilm7H4bBlpA2pOJ8b6ygT1-c1oByDPlY-phP_GaGhXUgebS99lNhnF6DbusLOVQ5vDjPFOxR0p-T3J6yQX105f8hsbooHNugnzP7tZQtcTS_77Xh0I9JEdCzc6e2iPKmZUNDFWC5kJy6V1n-Fu3nk2ha3LICj-Y9sbFbcTTM3hTg509a7O3EfJ2IixYA47ws0_kTyYS-o4PDzGmQ.b3BOh6o-n1B6uwMLLbM-fs5X7A_8t-kIjF_sjSjDmFc&dib_tag=se&keywords=tissot+le+locle&qid=1717635459&sr=8-7,N/A,N/A,N/A
"Tissot mens Tissot PRS 516 Chronograph 316L stainless steel case Quartz Watch Set, Grey, Stainless steel, 22 (T1316171104200)",N/A,https://www.amazon.com/Tissot-Chronograph-stainless-Stainless-T1316171104200/dp/B092DP4TBF/ref=sr_1_8?dib=eyJ2IjoiMSJ9.oanxahsAPoG31-LiCrQ1PZz9Yx8lRkUiRBpimCx5Uny5JoGrTbt_kY5SueY3vxomBxrADWDVWO-9bycZziK8CrzuReWilm7H4bBlpA2pOJ8b6ygT1-c1oByDPlY-phP_GaGhXUgebS99lNhnF6DbusLOVQ5vDjPFOxR0p-T3J6yQX105f8hsbooHNugnzP7tZQtcTS_77Xh0I9JEdCzc6e2iPKmZUNDFWC5kJy6V1n-Fu3nk2ha3LICj-Y9sbFbcTTM3hTg509a7O3EfJ2IixYA47ws0_kTyYS-o4PDzGmQ.b3BOh6o-n1B6uwMLLbM-fs5X7A_8t-kIjF_sjSjDmFc&dib_tag=se&keywords=tissot+le+locle&qid=1717635459&sr=8-8,N/A,N/A,N/A
"SEIKO SRPB77 Automatic Watch for Men - Presage Cocktail Time - Patterned Silver Dial with Gloss Finish, Date Calendar, 50m Water-Resistant",334.,https://www.amazon.com/SEIKO-SRPB77-Watch-Men-Collection/dp/B074KKQ6L4/ref=sr_1_9?dib=eyJ2IjoiMSJ9.oanxahsAPoG31-LiCrQ1PZz9Yx8lRkUiRBpimCx5Uny5JoGrTbt_kY5SueY3vxomBxrADWDVWO-9bycZziK8CrzuReWilm7H4bBlpA2pOJ8b6ygT1-c1oByDPlY-phP_GaGhXUgebS99lNhnF6DbusLOVQ5vDjPFOxR0p-T3J6yQX105f8hsbooHNugnzP7tZQtcTS_77Xh0I9JEdCzc6e2iPKmZUNDFWC5kJy6V1n-Fu3nk2ha3LICj-Y9sbFbcTTM3hTg509a7O3EfJ2IixYA47ws0_kTyYS-o4PDzGmQ.b3BOh6o-n1B6uwMLLbM-fs5X7A_8t-kIjF_sjSjDmFc&dib_tag=se&keywords=tissot+le+locle&qid=1717635459&sr=8-9,N/A,N/A,N/A
Tissot Men's PRX 316L Stainless Steel Case Dress Watch Grey T1374101104100,N/A,https://www.amazon.com/Tissot-Stainless-Steel-Dress-T1374101104100/dp/B08TB1MF6F/ref=sr_1_10?dib=eyJ2IjoiMSJ9.oanxahsAPoG31-LiCrQ1PZz9Yx8lRkUiRBpimCx5Uny5JoGrTbt_kY5SueY3vxomBxrADWDVWO-9bycZziK8CrzuReWilm7H4bBlpA2pOJ8b6ygT1-c1oByDPlY-phP_GaGhXUgebS99lNhnF6DbusLOVQ5vDjPFOxR0p-T3J6yQX105f8hsbooHNugnzP7tZQtcTS_77Xh0I9JEdCzc6e2iPKmZUNDFWC5kJy6V1n-Fu3nk2ha3LICj-Y9sbFbcTTM3hTg509a7O3EfJ2IixYA47ws0_kTyYS-o4PDzGmQ.b3BOh6o-n1B6uwMLLbM-fs5X7A_8t-kIjF_sjSjDmFc&dib_tag=se&keywords=tissot+le+locle&qid=1717635459&sr=8-10,N/A,N/A,N/A
SEIKO SRPD37 Presage Men's Watch Brown 40.5mm Stainless Steel,318.,https://www.amazon.com/Seiko-Presage-Green-Leather-SRPD37/dp/B07Z58BB9C/ref=sr_1_11?dib=eyJ2IjoiMSJ9.oanxahsAPoG31-LiCrQ1PZz9Yx8lRkUiRBpimCx5Uny5JoGrTbt_kY5SueY3vxomBxrADWDVWO-9bycZziK8CrzuReWilm7H4bBlpA2pOJ8b6ygT1-c1oByDPlY-phP_GaGhXUgebS99lNhnF6DbusLOVQ5vDjPFOxR0p-T3J6yQX105f8hsbooHNugnzP7tZQtcTS_77Xh0I9JEdCzc6e2iPKmZUNDFWC5kJy6V1n-Fu3nk2ha3LICj-Y9sbFbcTTM3hTg509a7O3EfJ2IixYA47ws0_kTyYS-o4PDzGmQ.b3BOh6o-n1B6uwMLLbM-fs5X7A_8t-kIjF_sjSjDmFc&dib_tag=se&keywords=tissot+le+locle&qid=1717635459&sr=8-11,N/A,N/A,N/A
Tissot Heritage 1938 Automatic COSC,N/A,https://www.amazon.com/Tissot-Heritage-1938-Automatic-COSC/dp/B0CMJQWHHH/ref=sr_1_12?dib=eyJ2IjoiMSJ9.oanxahsAPoG31-LiCrQ1PZz9Yx8lRkUiRBpimCx5Uny5JoGrTbt_kY5SueY3vxomBxrADWDVWO-9bycZziK8CrzuReWilm7H4bBlpA2pOJ8b6ygT1-c1oByDPlY-phP_GaGhXUgebS99lNhnF6DbusLOVQ5vDjPFOxR0p-T3J6yQX105f8hsbooHNugnzP7tZQtcTS_77Xh0I9JEdCzc6e2iPKmZUNDFWC5kJy6V1n-Fu3nk2ha3LICj-Y9sbFbcTTM3hTg509a7O3EfJ2IixYA47ws0_kTyYS-o4PDzGmQ.b3BOh6o-n1B6uwMLLbM-fs5X7A_8t-kIjF_sjSjDmFc&dib_tag=se&keywords=tissot+le+locle&qid=1717635459&sr=8-12,N/A,N/A,N/A
Tissot Chemin des Tourelles Powermatic 80 39 mm,N/A,https://www.amazon.com/Tissot-Chemin-Tourelles-Powermatic-80/dp/B0CGLXBNL2/ref=sr_1_13?dib=eyJ2IjoiMSJ9.oanxahsAPoG31-LiCrQ1PZz9Yx8lRkUiRBpimCx5Uny5JoGrTbt_kY5SueY3vxomBxrADWDVWO-9bycZziK8CrzuReWilm7H4bBlpA2pOJ8b6ygT1-c1oByDPlY-phP_GaGhXUgebS99lNhnF6DbusLOVQ5vDjPFOxR0p-T3J6yQX105f8hsbooHNugnzP7tZQtcTS_77Xh0I9JEdCzc6e2iPKmZUNDFWC5kJy6V1n-Fu3nk2ha3LICj-Y9sbFbcTTM3hTg509a7O3EfJ2IixYA47ws0_kTyYS-o4PDzGmQ.b3BOh6o-n1B6uwMLLbM-fs5X7A_8t-kIjF_sjSjDmFc&dib_tag=se&keywords=tissot+le+locle&qid=1717635459&sr=8-13,N/A,N/A,N/A
"Bulova Men's Archive Series Lunar Pilot 6-Hand Chronograph High Performance Quartz Stainless Steel, Sapphire Crystal Style: 96B258",438.,https://www.amazon.com/Bulova-Lunar-Pilot-Chronograph-96B258/dp/B01D2S3KF8/ref=sr_1_14?dib=eyJ2IjoiMSJ9.oanxahsAPoG31-LiCrQ1PZz9Yx8lRkUiRBpimCx5Uny5JoGrTbt_kY5SueY3vxomBxrADWDVWO-9bycZziK8CrzuReWilm7H4bBlpA2pOJ8b6ygT1-c1oByDPlY-phP_GaGhXUgebS99lNhnF6DbusLOVQ5vDjPFOxR0p-T3J6yQX105f8hsbooHNugnzP7tZQtcTS_77Xh0I9JEdCzc6e2iPKmZUNDFWC5kJy6V1n-Fu3nk2ha3LICj-Y9sbFbcTTM3hTg509a7O3EfJ2IixYA47ws0_kTyYS-o4PDzGmQ.b3BOh6o-n1B6uwMLLbM-fs5X7A_8t-kIjF_sjSjDmFc&dib_tag=se&keywords=tissot+le+locle&qid=1717635459&sr=8-14,N/A,N/A,N/A
Tissot PRX Powermatic 80 35mm,N/A,https://www.amazon.com/Tissot-PRX-Powermatic-80-35mm/dp/B0C9R6HW4Q/ref=sr_1_15?dib=eyJ2IjoiMSJ9.oanxahsAPoG31-LiCrQ1PZz9Yx8lRkUiRBpimCx5Uny5JoGrTbt_kY5SueY3vxomBxrADWDVWO-9bycZziK8CrzuReWilm7H4bBlpA2pOJ8b6ygT1-c1oByDPlY-phP_GaGhXUgebS99lNhnF6DbusLOVQ5vDjPFOxR0p-T3J6yQX105f8hsbooHNugnzP7tZQtcTS_77Xh0I9JEdCzc6e2iPKmZUNDFWC5kJy6V1n-Fu3nk2ha3LICj-Y9sbFbcTTM3hTg509a7O3EfJ2IixYA47ws0_kTyYS-o4PDzGmQ.b3BOh6o-n1B6uwMLLbM-fs5X7A_8t-kIjF_sjSjDmFc&dib_tag=se&keywords=tissot+le+locle&qid=1717635459&sr=8-15,N/A,N/A,N/A
Tissot Mens Chrono XL Stainless Steel Casual Watch,470.,https://www.amazon.com/Tissot-Chrono-Stainless-T1166171105701-Leather/dp/B09XHFWRKZ/ref=sr_1_16?dib=eyJ2IjoiMSJ9.oanxahsAPoG31-LiCrQ1PZz9Yx8lRkUiRBpimCx5Uny5JoGrTbt_kY5SueY3vxomBxrADWDVWO-9bycZziK8CrzuReWilm7H4bBlpA2pOJ8b6ygT1-c1oByDPlY-phP_GaGhXUgebS99lNhnF6DbusLOVQ5vDjPFOxR0p-T3J6yQX105f8hsbooHNugnzP7tZQtcTS_77Xh0I9JEdCzc6e2iPKmZUNDFWC5kJy6V1n-Fu3nk2ha3LICj-Y9sbFbcTTM3hTg509a7O3EfJ2IixYA47ws0_kTyYS-o4PDzGmQ.b3BOh6o-n1B6uwMLLbM-fs5X7A_8t-kIjF_sjSjDmFc&dib_tag=se&keywords=tissot+le+locle&qid=1717635459&sr=8-16,N/A,N/A,N/A
SEIKO SRPB41 Presage Men's Watch Silver-Tone 40.5mm Stainless Steel,322.,https://www.amazon.com/SRPB41-Presage-Silver-Tone-40-5mm-Stainless/dp/B074KL4SP6/ref=sr_1_17?dib=eyJ2IjoiMSJ9.oanxahsAPoG31-LiCrQ1PZz9Yx8lRkUiRBpimCx5Uny5JoGrTbt_kY5SueY3vxomBxrADWDVWO-9bycZziK8CrzuReWilm7H4bBlpA2pOJ8b6ygT1-c1oByDPlY-phP_GaGhXUgebS99lNhnF6DbusLOVQ5vDjPFOxR0p-T3J6yQX105f8hsbooHNugnzP7tZQtcTS_77Xh0I9JEdCzc6e2iPKmZUNDFWC5kJy6V1n-Fu3nk2ha3LICj-Y9sbFbcTTM3hTg509a7O3EfJ2IixYA47ws0_kTyYS-o4PDzGmQ.b3BOh6o-n1B6uwMLLbM-fs5X7A_8t-kIjF_sjSjDmFc&dib_tag=se&keywords=tissot+le+locle&qid=1717635459&sr=8-17,N/A,N/A,N/A
SEIKO Presage Japanese Garden Collection Automatic Stainless Steel Watch SRPF53 Silver,393.,https://www.amazon.com/SEIKO-Collection-Automatic-Stainless-SRPF53/dp/B0BBYV68VP/ref=sr_1_18?dib=eyJ2IjoiMSJ9.oanxahsAPoG31-LiCrQ1PZz9Yx8lRkUiRBpimCx5Uny5JoGrTbt_kY5SueY3vxomBxrADWDVWO-9bycZziK8CrzuReWilm7H4bBlpA2pOJ8b6ygT1-c1oByDPlY-phP_GaGhXUgebS99lNhnF6DbusLOVQ5vDjPFOxR0p-T3J6yQX105f8hsbooHNugnzP7tZQtcTS_77Xh0I9JEdCzc6e2iPKmZUNDFWC5kJy6V1n-Fu3nk2ha3LICj-Y9sbFbcTTM3hTg509a7O3EfJ2IixYA47ws0_kTyYS-o4PDzGmQ.b3BOh6o-n1B6uwMLLbM-fs5X7A_8t-kIjF_sjSjDmFc&dib_tag=se&keywords=tissot+le+locle&qid=1717635459&sr=8-18,N/A,N/A,N/A
"Tissot mens Tissot PRS 516 Chronograph 316L stainless steel case with black PVD coating Quartz Watch Set, Black, Leather, 22 (T1316173605200)",N/A,https://www.amazon.com/Tissot-Chronograph-stainless-coating-T1316173605200/dp/B092DQ96B2/ref=sr_1_19?dib=eyJ2IjoiMSJ9.oanxahsAPoG31-LiCrQ1PZz9Yx8lRkUiRBpimCx5Uny5JoGrTbt_kY5SueY3vxomBxrADWDVWO-9bycZziK8CrzuReWilm7H4bBlpA2pOJ8b6ygT1-c1oByDPlY-phP_GaGhXUgebS99lNhnF6DbusLOVQ5vDjPFOxR0p-T3J6yQX105f8hsbooHNugnzP7tZQtcTS_77Xh0I9JEdCzc6e2iPKmZUNDFWC5kJy6V1n-Fu3nk2ha3LICj-Y9sbFbcTTM3hTg509a7O3EfJ2IixYA47ws0_kTyYS-o4PDzGmQ.b3BOh6o-n1B6uwMLLbM-fs5X7A_8t-kIjF_sjSjDmFc&dib_tag=se&keywords=tissot+le+locle&qid=1717635459&sr=8-19,N/A,N/A,N/A
SEIKO New Presage Automatic Green Sunray Dial Stainless Steel Men's Watch SRPE15,337.,https://www.amazon.com/Presage-Automatic-Sunray-Stainless-SRPE15/dp/B084YVRDQV/ref=sr_1_20?dib=eyJ2IjoiMSJ9.oanxahsAPoG31-LiCrQ1PZz9Yx8lRkUiRBpimCx5Uny5JoGrTbt_kY5SueY3vxomBxrADWDVWO-9bycZziK8CrzuReWilm7H4bBlpA2pOJ8b6ygT1-c1oByDPlY-phP_GaGhXUgebS99lNhnF6DbusLOVQ5vDjPFOxR0p-T3J6yQX105f8hsbooHNugnzP7tZQtcTS_77Xh0I9JEdCzc6e2iPKmZUNDFWC5kJy6V1n-Fu3nk2ha3LICj-Y9sbFbcTTM3hTg509a7O3EfJ2IixYA47ws0_kTyYS-o4PDzGmQ.b3BOh6o-n1B6uwMLLbM-fs5X7A_8t-kIjF_sjSjDmFc&dib_tag=se&keywords=tissot+le+locle&qid=1717635459&sr=8-20,N/A,N/A,N/A
Tissot Mens Gentleman Stainless Steel Dress Watch Grey T1274071104100 Watch Strap T852048227,866.,https://www.amazon.com/Tissot-Gentleman-Stainless-T1274071104100-T852048227/dp/B09XHB7SQQ/ref=sr_1_21?dib=eyJ2IjoiMSJ9.oanxahsAPoG31-LiCrQ1PZz9Yx8lRkUiRBpimCx5Uny5JoGrTbt_kY5SueY3vxomBxrADWDVWO-9bycZziK8CrzuReWilm7H4bBlpA2pOJ8b6ygT1-c1oByDPlY-phP_GaGhXUgebS99lNhnF6DbusLOVQ5vDjPFOxR0p-T3J6yQX105f8hsbooHNugnzP7tZQtcTS_77Xh0I9JEdCzc6e2iPKmZUNDFWC5kJy6V1n-Fu3nk2ha3LICj-Y9sbFbcTTM3hTg509a7O3EfJ2IixYA47ws0_kTyYS-o4PDzGmQ.b3BOh6o-n1B6uwMLLbM-fs5X7A_8t-kIjF_sjSjDmFc&dib_tag=se&keywords=tissot+le+locle&qid=1717635459&sr=8-21,N/A,N/A,N/A
CIGA Design Mechanical Automatic Watch Blue Planet U Series Stainless Steel/Titanium/Ceramics Case Sapphire Crystal Fluororubber/Ceramics Strap Watches Gifts for Men and Women,999.,https://www.amazon.com/CIGA-Design-Mechanical-Automatic-Fluororubber/dp/B0B2DBHGG3/ref=sr_1_22?dib=eyJ2IjoiMSJ9.oanxahsAPoG31-LiCrQ1PZz9Yx8lRkUiRBpimCx5Uny5JoGrTbt_kY5SueY3vxomBxrADWDVWO-9bycZziK8CrzuReWilm7H4bBlpA2pOJ8b6ygT1-c1oByDPlY-phP_GaGhXUgebS99lNhnF6DbusLOVQ5vDjPFOxR0p-T3J6yQX105f8hsbooHNugnzP7tZQtcTS_77Xh0I9JEdCzc6e2iPKmZUNDFWC5kJy6V1n-Fu3nk2ha3LICj-Y9sbFbcTTM3hTg509a7O3EfJ2IixYA47ws0_kTyYS-o4PDzGmQ.b3BOh6o-n1B6uwMLLbM-fs5X7A_8t-kIjF_sjSjDmFc&dib_tag=se&keywords=tissot+le+locle&qid=1717635459&sr=8-22,N/A,N/A,N/A
Tissot Mens Gentleman Stainless Steel Dress Watch Grey,466.,https://www.amazon.com/Tissot-Gentleman-Stainless-T1274101104100-T852048227/dp/B09XHL8353/ref=sr_1_23?dib=eyJ2IjoiMSJ9.oanxahsAPoG31-LiCrQ1PZz9Yx8lRkUiRBpimCx5Uny5JoGrTbt_kY5SueY3vxomBxrADWDVWO-9bycZziK8CrzuReWilm7H4bBlpA2pOJ8b6ygT1-c1oByDPlY-phP_GaGhXUgebS99lNhnF6DbusLOVQ5vDjPFOxR0p-T3J6yQX105f8hsbooHNugnzP7tZQtcTS_77Xh0I9JEdCzc6e2iPKmZUNDFWC5kJy6V1n-Fu3nk2ha3LICj-Y9sbFbcTTM3hTg509a7O3EfJ2IixYA47ws0_kTyYS-o4PDzGmQ.b3BOh6o-n1B6uwMLLbM-fs5X7A_8t-kIjF_sjSjDmFc&dib_tag=se&keywords=tissot+le+locle&qid=1717635459&sr=8-23,N/A,N/A,N/A
Tissot Men's Seastar 660/1000 Stainless Steel Casual Watch,580.,https://www.amazon.com/Tissot-Seastar-Stainless-Casual-T1204171704100/dp/B09XH3BNJ6/ref=sr_1_24?dib=eyJ2IjoiMSJ9.oanxahsAPoG31-LiCrQ1PZz9Yx8lRkUiRBpimCx5Uny5JoGrTbt_kY5SueY3vxomBxrADWDVWO-9bycZziK8CrzuReWilm7H4bBlpA2pOJ8b6ygT1-c1oByDPlY-phP_GaGhXUgebS99lNhnF6DbusLOVQ5vDjPFOxR0p-T3J6yQX105f8hsbooHNugnzP7tZQtcTS_77Xh0I9JEdCzc6e2iPKmZUNDFWC5kJy6V1n-Fu3nk2ha3LICj-Y9sbFbcTTM3hTg509a7O3EfJ2IixYA47ws0_kTyYS-o4PDzGmQ.b3BOh6o-n1B6uwMLLbM-fs5X7A_8t-kIjF_sjSjDmFc&dib_tag=se&keywords=tissot+le+locle&qid=1717635459&sr=8-24,N/A,N/A,N/A
Ferragamo Mens Swiss Made Watch 1898 Collection,299.,https://www.amazon.com/sspa/click?ie=UTF8&spc=MTo5NTAyMzc1MjIwMzMzOTI6MTcxNzYzNTQ1OTpzcF9tdGY6MzAwMTI1MzAzNTExNzAyOjowOjo&url=%2FFerragamo-Collection-Featuring-Adjustable-Date-Function%2Fdp%2FB09NWJZWQJ%2Fref%3Dsr_1_25_sspa%3Fdib%3DeyJ2IjoiMSJ9.oanxahsAPoG31-LiCrQ1PZz9Yx8lRkUiRBpimCx5Uny5JoGrTbt_kY5SueY3vxomBxrADWDVWO-9bycZziK8CrzuReWilm7H4bBlpA2pOJ8b6ygT1-c1oByDPlY-phP_GaGhXUgebS99lNhnF6DbusLOVQ5vDjPFOxR0p-T3J6yQX105f8hsbooHNugnzP7tZQtcTS_77Xh0I9JEdCzc6e2iPKmZUNDFWC5kJy6V1n-Fu3nk2ha3LICj-Y9sbFbcTTM3hTg509a7O3EfJ2IixYA47ws0_kTyYS-o4PDzGmQ.b3BOh6o-n1B6uwMLLbM-fs5X7A_8t-kIjF_sjSjDmFc%26dib_tag%3Dse%26keywords%3Dtissot%2Ble%2Blocle%26qid%3D1717635459%26sr%3D8-25-spons%26sp_csd%3Dd2lkZ2V0TmFtZT1zcF9tdGY%26psc%3D1,N/A,N/A,N/A
Tissot Mens Seastar 660/1000 Stainless Steel Casual Watch Grey,623.,https://www.amazon.com/Tissot-Seastar-Stainless-Casual-T1204171105100/dp/B09XH3BNJ7/ref=sr_1_26?dib=eyJ2IjoiMSJ9.oanxahsAPoG31-LiCrQ1PZz9Yx8lRkUiRBpimCx5Uny5JoGrTbt_kY5SueY3vxomBxrADWDVWO-9bycZziK8CrzuReWilm7H4bBlpA2pOJ8b6ygT1-c1oByDPlY-phP_GaGhXUgebS99lNhnF6DbusLOVQ5vDjPFOxR0p-T3J6yQX105f8hsbooHNugnzP7tZQtcTS_77Xh0I9JEdCzc6e2iPKmZUNDFWC5kJy6V1n-Fu3nk2ha3LICj-Y9sbFbcTTM3hTg509a7O3EfJ2IixYA47ws0_kTyYS-o4PDzGmQ.b3BOh6o-n1B6uwMLLbM-fs5X7A_8t-kIjF_sjSjDmFc&dib_tag=se&keywords=tissot+le+locle&qid=1717635459&sr=8-26,N/A,N/A,N/A
Hamilton Men's H64455133 Khaki King II Black Dial Watch,556.,https://www.amazon.com/Hamilton-H64455133-Khaki-Black-Watch/dp/B001F7MIY8/ref=sr_1_27?dib=eyJ2IjoiMSJ9.oanxahsAPoG31-LiCrQ1PZz9Yx8lRkUiRBpimCx5Uny5JoGrTbt_kY5SueY3vxomBxrADWDVWO-9bycZziK8CrzuReWilm7H4bBlpA2pOJ8b6ygT1-c1oByDPlY-phP_GaGhXUgebS99lNhnF6DbusLOVQ5vDjPFOxR0p-T3J6yQX105f8hsbooHNugnzP7tZQtcTS_77Xh0I9JEdCzc6e2iPKmZUNDFWC5kJy6V1n-Fu3nk2ha3LICj-Y9sbFbcTTM3hTg509a7O3EfJ2IixYA47ws0_kTyYS-o4PDzGmQ.b3BOh6o-n1B6uwMLLbM-fs5X7A_8t-kIjF_sjSjDmFc&dib_tag=se&keywords=tissot+le+locle&qid=1717635459&sr=8-27,N/A,N/A,N/A
CADISEN Men’s Automatic Mechanical Watch Casual Watches for Men Waterproof Sapphire,129.,https://www.amazon.com/CADISEN-Automatic-Mechanical-Waterproof-Sapphire/dp/B0CDFPVVY5/ref=sr_1_28?dib=eyJ2IjoiMSJ9.oanxahsAPoG31-LiCrQ1PZz9Yx8lRkUiRBpimCx5Uny5JoGrTbt_kY5SueY3vxomBxrADWDVWO-9bycZziK8CrzuReWilm7H4bBlpA2pOJ8b6ygT1-c1oByDPlY-phP_GaGhXUgebS99lNhnF6DbusLOVQ5vDjPFOxR0p-T3J6yQX105f8hsbooHNugnzP7tZQtcTS_77Xh0I9JEdCzc6e2iPKmZUNDFWC5kJy6V1n-Fu3nk2ha3LICj-Y9sbFbcTTM3hTg509a7O3EfJ2IixYA47ws0_kTyYS-o4PDzGmQ.b3BOh6o-n1B6uwMLLbM-fs5X7A_8t-kIjF_sjSjDmFc&dib_tag=se&keywords=tissot+le+locle&qid=1717635459&sr=8-28,N/A,N/A,N/A
CADISEN Automatic Watches Men's Mechanical MIYOTA 8215 Business Waterproof Wristwatch,119.,https://www.amazon.com/CADISEN-Automatic-Mechanical-Waterproof-Wristwatch/dp/B097QTBY1F/ref=sr_1_29?dib=eyJ2IjoiMSJ9.oanxahsAPoG31-LiCrQ1PZz9Yx8lRkUiRBpimCx5Uny5JoGrTbt_kY5SueY3vxomBxrADWDVWO-9bycZziK8CrzuReWilm7H4bBlpA2pOJ8b6ygT1-c1oByDPlY-phP_GaGhXUgebS99lNhnF6DbusLOVQ5vDjPFOxR0p-T3J6yQX105f8hsbooHNugnzP7tZQtcTS_77Xh0I9JEdCzc6e2iPKmZUNDFWC5kJy6V1n-Fu3nk2ha3LICj-Y9sbFbcTTM3hTg509a7O3EfJ2IixYA47ws0_kTyYS-o4PDzGmQ.b3BOh6o-n1B6uwMLLbM-fs5X7A_8t-kIjF_sjSjDmFc&dib_tag=se&keywords=tissot+le+locle&qid=1717635459&sr=8-29,N/A,N/A,N/A
FANMIS Men's Classic Multifunctional Military Sports Analog Watch Business Dress Waterproof Luminous Chronograph Starry Sky Moon Phase Leather Wristwatch,26.,https://www.amazon.com/sspa/click?ie=UTF8&spc=MTo5NTAyMzc1MjIwMzMzOTI6MTcxNzYzNTQ1OTpzcF9tdGY6MzAwMDA5MjQ3Njg5MzAyOjowOjo&url=%2FFANMIS-Multifunctional-Waterproof-Chronograph-Wristwatch%2Fdp%2FB0C13FF8XC%2Fref%3Dsr_1_30_sspa%3Fdib%3DeyJ2IjoiMSJ9.oanxahsAPoG31-LiCrQ1PZz9Yx8lRkUiRBpimCx5Uny5JoGrTbt_kY5SueY3vxomBxrADWDVWO-9bycZziK8CrzuReWilm7H4bBlpA2pOJ8b6ygT1-c1oByDPlY-phP_GaGhXUgebS99lNhnF6DbusLOVQ5vDjPFOxR0p-T3J6yQX105f8hsbooHNugnzP7tZQtcTS_77Xh0I9JEdCzc6e2iPKmZUNDFWC5kJy6V1n-Fu3nk2ha3LICj-Y9sbFbcTTM3hTg509a7O3EfJ2IixYA47ws0_kTyYS-o4PDzGmQ.b3BOh6o-n1B6uwMLLbM-fs5X7A_8t-kIjF_sjSjDmFc%26dib_tag%3Dse%26keywords%3Dtissot%2Ble%2Blocle%26qid%3D1717635459%26sr%3D8-30-spons%26sp_csd%3Dd2lkZ2V0TmFtZT1zcF9tdGY%26psc%3D1,N/A,N/A,N/A
OLEVS Watches for Men Brown Leather Gold Case Analog Quartz Fashion Business Dress Watch Day Date Luminous Waterproof Casual Male Wrist Watches,32.,https://www.amazon.com/Watches-Waterproof-Luminous-Business-Christmas/dp/B07F1L9XGZ/ref=sr_1_31?dib=eyJ2IjoiMSJ9.oanxahsAPoG31-LiCrQ1PZz9Yx8lRkUiRBpimCx5Uny5JoGrTbt_kY5SueY3vxomBxrADWDVWO-9bycZziK8CrzuReWilm7H4bBlpA2pOJ8b6ygT1-c1oByDPlY-phP_GaGhXUgebS99lNhnF6DbusLOVQ5vDjPFOxR0p-T3J6yQX105f8hsbooHNugnzP7tZQtcTS_77Xh0I9JEdCzc6e2iPKmZUNDFWC5kJy6V1n-Fu3nk2ha3LICj-Y9sbFbcTTM3hTg509a7O3EfJ2IixYA47ws0_kTyYS-o4PDzGmQ.b3BOh6o-n1B6uwMLLbM-fs5X7A_8t-kIjF_sjSjDmFc&dib_tag=se&keywords=tissot+le+locle&qid=1717635459&sr=8-31,N/A,N/A,N/A
"ROTHWELL 12 Slot Leather Watch Box with Valet Drawer - Luxury Watch and Jewelry Case Display Organizer, Microsuede liner, Mens Locking Watch Storage Holder Large Glass Top (Black/Grey)",129.,https://www.amazon.com/VALR-Watch-Box-Valet-Drawer/dp/B07WTQ3CMN/ref=sr_1_32?dib=eyJ2IjoiMSJ9.oanxahsAPoG31-LiCrQ1PZz9Yx8lRkUiRBpimCx5Uny5JoGrTbt_kY5SueY3vxomBxrADWDVWO-9bycZziK8CrzuReWilm7H4bBlpA2pOJ8b6ygT1-c1oByDPlY-phP_GaGhXUgebS99lNhnF6DbusLOVQ5vDjPFOxR0p-T3J6yQX105f8hsbooHNugnzP7tZQtcTS_77Xh0I9JEdCzc6e2iPKmZUNDFWC5kJy6V1n-Fu3nk2ha3LICj-Y9sbFbcTTM3hTg509a7O3EfJ2IixYA47ws0_kTyYS-o4PDzGmQ.b3BOh6o-n1B6uwMLLbM-fs5X7A_8t-kIjF_sjSjDmFc&dib_tag=se&keywords=tissot+le+locle&qid=1717635459&sr=8-32,N/A,N/A,N/A
Retro Watches for Men Quartz Watches Tattoo Pattern Carved Stainless Steel Bracelet Waterproof Wrist Watch,29.,https://www.amazon.com/Watches-Pattern-Stainless-Bracelet-Waterproof/dp/B09B4ZJ26Y/ref=sr_1_33?dib=eyJ2IjoiMSJ9.oanxahsAPoG31-LiCrQ1PZz9Yx8lRkUiRBpimCx5Uny5JoGrTbt_kY5SueY3vxomBxrADWDVWO-9bycZziK8CrzuReWilm7H4bBlpA2pOJ8b6ygT1-c1oByDPlY-phP_GaGhXUgebS99lNhnF6DbusLOVQ5vDjPFOxR0p-T3J6yQX105f8hsbooHNugnzP7tZQtcTS_77Xh0I9JEdCzc6e2iPKmZUNDFWC5kJy6V1n-Fu3nk2ha3LICj-Y9sbFbcTTM3hTg509a7O3EfJ2IixYA47ws0_kTyYS-o4PDzGmQ.b3BOh6o-n1B6uwMLLbM-fs5X7A_8t-kIjF_sjSjDmFc&dib_tag=se&keywords=tissot+le+locle&qid=1717635459&sr=8-33,N/A,N/A,N/A
"BEWISHOME Watch Travel Case for Men 2 Slot, Portable Watch Boxes for Storage, Brown Travel Watch Case Fits Wrist Watches & Smart Watches, SSH92Z",23.,https://www.amazon.com/BEWISHOME-Travel-Portable-Organizer-Display/dp/B0B2P5YNP8/ref=sr_1_34?dib=eyJ2IjoiMSJ9.oanxahsAPoG31-LiCrQ1PZz9Yx8lRkUiRBpimCx5Uny5JoGrTbt_kY5SueY3vxomBxrADWDVWO-9bycZziK8CrzuReWilm7H4bBlpA2pOJ8b6ygT1-c1oByDPlY-phP_GaGhXUgebS99lNhnF6DbusLOVQ5vDjPFOxR0p-T3J6yQX105f8hsbooHNugnzP7tZQtcTS_77Xh0I9JEdCzc6e2iPKmZUNDFWC5kJy6V1n-Fu3nk2ha3LICj-Y9sbFbcTTM3hTg509a7O3EfJ2IixYA47ws0_kTyYS-o4PDzGmQ.b3BOh6o-n1B6uwMLLbM-fs5X7A_8t-kIjF_sjSjDmFc&dib_tag=se&keywords=tissot+le+locle&qid=1717635459&sr=8-34,N/A,N/A,N/A
"1844 Chronograph Mens Watch, Stainless Steel, Analog, Waterproof",349.,https://www.amazon.com/sspa/click?ie=UTF8&spc=MTo5NTAyMzc1MjIwMzMzOTI6MTcxNzYzNTQ1OTpzcF9tdGY6MjAwMTM3NDY2NjIyMTk4OjowOjo&url=%2FAbout-Vintage-1844-Steel-Black%2Fdp%2FB082B6ZQDZ%2Fref%3Dsr_1_35_sspa%3Fdib%3DeyJ2IjoiMSJ9.oanxahsAPoG31-LiCrQ1PZz9Yx8lRkUiRBpimCx5Uny5JoGrTbt_kY5SueY3vxomBxrADWDVWO-9bycZziK8CrzuReWilm7H4bBlpA2pOJ8b6ygT1-c1oByDPlY-phP_GaGhXUgebS99lNhnF6DbusLOVQ5vDjPFOxR0p-T3J6yQX105f8hsbooHNugnzP7tZQtcTS_77Xh0I9JEdCzc6e2iPKmZUNDFWC5kJy6V1n-Fu3nk2ha3LICj-Y9sbFbcTTM3hTg509a7O3EfJ2IixYA47ws0_kTyYS-o4PDzGmQ.b3BOh6o-n1B6uwMLLbM-fs5X7A_8t-kIjF_sjSjDmFc%26dib_tag%3Dse%26keywords%3Dtissot%2Ble%2Blocle%26qid%3D1717635459%26sr%3D8-35-spons%26sp_csd%3Dd2lkZ2V0TmFtZT1zcF9tdGY%26psc%3D1,N/A,N/A,N/A
OUPINKE Mens Watches Skeleton Automatic Mechanical Premium with Calendar Sapphire Crystal Tungsten Steel Waterproof Wrist Watch,368.,https://www.amazon.com/sspa/click?ie=UTF8&spc=MTo5NTAyMzc1MjIwMzMzOTI6MTcxNzYzNTQ1OTpzcF9tdGY6MjAwMDk2MTc1MTc4NjYxOjowOjo&url=%2FOUPINKE-Mechanical-Watches-Batteries-Tungsten-Waterproof-Watch-White%2Fdp%2FB0BFPH9Z3P%2Fref%3Dsr_1_36_sspa%3Fdib%3DeyJ2IjoiMSJ9.oanxahsAPoG31-LiCrQ1PZz9Yx8lRkUiRBpimCx5Uny5JoGrTbt_kY5SueY3vxomBxrADWDVWO-9bycZziK8CrzuReWilm7H4bBlpA2pOJ8b6ygT1-c1oByDPlY-phP_GaGhXUgebS99lNhnF6DbusLOVQ5vDjPFOxR0p-T3J6yQX105f8hsbooHNugnzP7tZQtcTS_77Xh0I9JEdCzc6e2iPKmZUNDFWC5kJy6V1n-Fu3nk2ha3LICj-Y9sbFbcTTM3hTg509a7O3EfJ2IixYA47ws0_kTyYS-o4PDzGmQ.b3BOh6o-n1B6uwMLLbM-fs5X7A_8t-kIjF_sjSjDmFc%26dib_tag%3Dse%26keywords%3Dtissot%2Ble%2Blocle%26qid%3D1717635459%26sr%3D8-36-spons%26sp_csd%3Dd2lkZ2V0TmFtZT1zcF9tdGY%26psc%3D1,N/A,N/A,N/A
CADISEN Men’s Automatic Mechanical Watch Casual Watches for Men Waterproof Sapphire,129.,https://www.amazon.com/sspa/click?ie=UTF8&spc=MTo5NTAyMzc1MjIwMzMzOTI6MTcxNzYzNTQ1OTpzcF9tdGY6MzAwMDQzMjM0Mjc2NzAyOjowOjo&url=%2FCADISEN-Automatic-Mechanical-Waterproof-Sapphire%2Fdp%2FB0CDFPVVY5%2Fref%3Dsr_1_37_sspa%3Fdib%3DeyJ2IjoiMSJ9.oanxahsAPoG31-LiCrQ1PZz9Yx8lRkUiRBpimCx5Uny5JoGrTbt_kY5SueY3vxomBxrADWDVWO-9bycZziK8CrzuReWilm7H4bBlpA2pOJ8b6ygT1-c1oByDPlY-phP_GaGhXUgebS99lNhnF6DbusLOVQ5vDjPFOxR0p-T3J6yQX105f8hsbooHNugnzP7tZQtcTS_77Xh0I9JEdCzc6e2iPKmZUNDFWC5kJy6V1n-Fu3nk2ha3LICj-Y9sbFbcTTM3hTg509a7O3EfJ2IixYA47ws0_kTyYS-o4PDzGmQ.b3BOh6o-n1B6uwMLLbM-fs5X7A_8t-kIjF_sjSjDmFc%26dib_tag%3Dse%26keywords%3Dtissot%2Ble%2Blocle%26qid%3D1717635459%26sr%3D8-37-spons%26sp_csd%3Dd2lkZ2V0TmFtZT1zcF9tdGY%26psc%3D1,N/A,N/A,N/A
"BEN NEVIS Watch, Mens Watch, Minimalist Fashion Simple Wrist Watch Analog Date with Leather Strap",27.,https://www.amazon.com/sspa/click?ie=UTF8&spc=MTo5NTAyMzc1MjIwMzMzOTI6MTcxNzYzNTQ1OTpzcF9idGY6MzAwMTQ5NjIwOTI1ODAyOjowOjo&url=%2FMinimalist-Fashion-Simple-Analog-Leather%2Fdp%2FB08DHZNWK7%2Fref%3Dsr_1_38_sspa%3Fdib%3DeyJ2IjoiMSJ9.oanxahsAPoG31-LiCrQ1PZz9Yx8lRkUiRBpimCx5Uny5JoGrTbt_kY5SueY3vxomBxrADWDVWO-9bycZziK8CrzuReWilm7H4bBlpA2pOJ8b6ygT1-c1oByDPlY-phP_GaGhXUgebS99lNhnF6DbusLOVQ5vDjPFOxR0p-T3J6yQX105f8hsbooHNugnzP7tZQtcTS_77Xh0I9JEdCzc6e2iPKmZUNDFWC5kJy6V1n-Fu3nk2ha3LICj-Y9sbFbcTTM3hTg509a7O3EfJ2IixYA47ws0_kTyYS-o4PDzGmQ.b3BOh6o-n1B6uwMLLbM-fs5X7A_8t-kIjF_sjSjDmFc%26dib_tag%3Dse%26keywords%3Dtissot%2Ble%2Blocle%26qid%3D1717635459%26sr%3D8-38-spons%26sp_csd%3Dd2lkZ2V0TmFtZT1zcF9idGY%26psc%3D1,N/A,N/A,N/A
"RollsTimi Pagani Design- Automatic Men's Watch, Casual Stainless Steel Bracelet with Stylish Sapphire Crystal, Nylon Strap NH39, PD1736",129.,https://www.amazon.com/sspa/click?ie=UTF8&spc=MTo5NTAyMzc1MjIwMzMzOTI6MTcxNzYzNTQ1OTpzcF9idGY6MzAwMDc2MTYxNDc1MDAyOjowOjo&url=%2FRollsTimi-Automatic-Stainless-Bracelet-Sapphire%2Fdp%2FB0CJM59Y7X%2Fref%3Dsr_1_39_sspa%3Fdib%3DeyJ2IjoiMSJ9.oanxahsAPoG31-LiCrQ1PZz9Yx8lRkUiRBpimCx5Uny5JoGrTbt_kY5SueY3vxomBxrADWDVWO-9bycZziK8CrzuReWilm7H4bBlpA2pOJ8b6ygT1-c1oByDPlY-phP_GaGhXUgebS99lNhnF6DbusLOVQ5vDjPFOxR0p-T3J6yQX105f8hsbooHNugnzP7tZQtcTS_77Xh0I9JEdCzc6e2iPKmZUNDFWC5kJy6V1n-Fu3nk2ha3LICj-Y9sbFbcTTM3hTg509a7O3EfJ2IixYA47ws0_kTyYS-o4PDzGmQ.b3BOh6o-n1B6uwMLLbM-fs5X7A_8t-kIjF_sjSjDmFc%26dib_tag%3Dse%26keywords%3Dtissot%2Ble%2Blocle%26qid%3D1717635459%26sr%3D8-39-spons%26sp_csd%3Dd2lkZ2V0TmFtZT1zcF9idGY%26psc%3D1,N/A,N/A,N/A
"OLEVS Men Watch,Big Dial Watches for Men Stainless Steel Watch with Day Waterproof Analog Quartz Watches for Man Classic Business Wristwatch Luxury Luminous Round for Men Rotatable Bezel Watch",38.,https://www.amazon.com/sspa/click?ie=UTF8&spc=MTo5NTAyMzc1MjIwMzMzOTI6MTcxNzYzNTQ1OTpzcF9idGY6MzAwMDAwMDY2NTAwODAyOjowOjo&url=%2FOLEVS-Chronograph-Stainless-Waterproof-Luminous%2Fdp%2FB0B8RYKNVN%2Fref%3Dsr_1_40_sspa%3Fdib%3DeyJ2IjoiMSJ9.oanxahsAPoG31-LiCrQ1PZz9Yx8lRkUiRBpimCx5Uny5JoGrTbt_kY5SueY3vxomBxrADWDVWO-9bycZziK8CrzuReWilm7H4bBlpA2pOJ8b6ygT1-c1oByDPlY-phP_GaGhXUgebS99lNhnF6DbusLOVQ5vDjPFOxR0p-T3J6yQX105f8hsbooHNugnzP7tZQtcTS_77Xh0I9JEdCzc6e2iPKmZUNDFWC5kJy6V1n-Fu3nk2ha3LICj-Y9sbFbcTTM3hTg509a7O3EfJ2IixYA47ws0_kTyYS-o4PDzGmQ.b3BOh6o-n1B6uwMLLbM-fs5X7A_8t-kIjF_sjSjDmFc%26dib_tag%3Dse%26keywords%3Dtissot%2Ble%2Blocle%26qid%3D1717635459%26sr%3D8-40-spons%26sp_csd%3Dd2lkZ2V0TmFtZT1zcF9idGY%26psc%3D1,N/A,N/A,N/A
"RollsTimi Pagani Design Men's Watches, 36mm Automatic Mechanical Stainless Steel 100M Waterproof Luxury Wrist Watch for Men, Double Date Display Sapphire Dial Glass",87.,https://www.amazon.com/sspa/click?ie=UTF8&spc=MTo5NTAyMzc1MjIwMzMzOTI6MTcxNzYzNTQ1OTpzcF9idGY6MjAwMTE2MzIwNzE5ODk4OjowOjo&url=%2FRollsTimi-Automatic-Mechanical-Stainless-Waterproof%2Fdp%2FB0BMTSBCPW%2Fref%3Dsr_1_41_sspa%3Fdib%3DeyJ2IjoiMSJ9.oanxahsAPoG31-LiCrQ1PZz9Yx8lRkUiRBpimCx5Uny5JoGrTbt_kY5SueY3vxomBxrADWDVWO-9bycZziK8CrzuReWilm7H4bBlpA2pOJ8b6ygT1-c1oByDPlY-phP_GaGhXUgebS99lNhnF6DbusLOVQ5vDjPFOxR0p-T3J6yQX105f8hsbooHNugnzP7tZQtcTS_77Xh0I9JEdCzc6e2iPKmZUNDFWC5kJy6V1n-Fu3nk2ha3LICj-Y9sbFbcTTM3hTg509a7O3EfJ2IixYA47ws0_kTyYS-o4PDzGmQ.b3BOh6o-n1B6uwMLLbM-fs5X7A_8t-kIjF_sjSjDmFc%26dib_tag%3Dse%26keywords%3Dtissot%2Ble%2Blocle%26qid%3D1717635459%26sr%3D8-41-spons%26sp_csd%3Dd2lkZ2V0TmFtZT1zcF9idGY%26psc%3D1,N/A,N/A,N/A
SINOBI Business Watches Men Fashion Original Design Watch Men Steel Mesh Men's Watch Clock Relogio Masculino Creative Wristwatch,25.,https://www.amazon.com/sspa/click?ie=UTF8&spc=MTo5NTAyMzc1MjIwMzMzOTI6MTcxNzYzNTQ1OTpzcF9idGY6MjAwMDQyODQzNTE2OTcxOjowOjo&url=%2FBusiness-Original-Masculino-Wristwatch-S9809G-Blue%2Fdp%2FB07RWZ6DLD%2Fref%3Dsr_1_42_sspa%3Fdib%3DeyJ2IjoiMSJ9.oanxahsAPoG31-LiCrQ1PZz9Yx8lRkUiRBpimCx5Uny5JoGrTbt_kY5SueY3vxomBxrADWDVWO-9bycZziK8CrzuReWilm7H4bBlpA2pOJ8b6ygT1-c1oByDPlY-phP_GaGhXUgebS99lNhnF6DbusLOVQ5vDjPFOxR0p-T3J6yQX105f8hsbooHNugnzP7tZQtcTS_77Xh0I9JEdCzc6e2iPKmZUNDFWC5kJy6V1n-Fu3nk2ha3LICj-Y9sbFbcTTM3hTg509a7O3EfJ2IixYA47ws0_kTyYS-o4PDzGmQ.b3BOh6o-n1B6uwMLLbM-fs5X7A_8t-kIjF_sjSjDmFc%26dib_tag%3Dse%26keywords%3Dtissot%2Ble%2Blocle%26qid%3D1717635459%26sr%3D8-42-spons%26sp_csd%3Dd2lkZ2V0TmFtZT1zcF9idGY%26psc%3D1,N/A,N/A,N/A
"Yachtsman Men's Diver Watch, Automatic Stainless Steel Watches for Men, 300M Water Resistant, 3-Hand Date, Luminous, Rotating Bezel, 43.4mm",199.,https://www.amazon.com/sspa/click?ie=UTF8&spc=MTo5NTAyMzc1MjIwMzMzOTI6MTcxNzYzNTQ1OTpzcF9idGY6MzAwMTAxNjcxNzIzOTAyOjowOjo&url=%2FFIYTA-Yachtsman-Automatic-Stainless-Resistant%2Fdp%2FB0CLL28YVM%2Fref%3Dsr_1_43_sspa%3Fdib%3DeyJ2IjoiMSJ9.oanxahsAPoG31-LiCrQ1PZz9Yx8lRkUiRBpimCx5Uny5JoGrTbt_kY5SueY3vxomBxrADWDVWO-9bycZziK8CrzuReWilm7H4bBlpA2pOJ8b6ygT1-c1oByDPlY-phP_GaGhXUgebS99lNhnF6DbusLOVQ5vDjPFOxR0p-T3J6yQX105f8hsbooHNugnzP7tZQtcTS_77Xh0I9JEdCzc6e2iPKmZUNDFWC5kJy6V1n-Fu3nk2ha3LICj-Y9sbFbcTTM3hTg509a7O3EfJ2IixYA47ws0_kTyYS-o4PDzGmQ.b3BOh6o-n1B6uwMLLbM-fs5X7A_8t-kIjF_sjSjDmFc%26dib_tag%3Dse%26keywords%3Dtissot%2Ble%2Blocle%26qid%3D1717635459%26sr%3D8-43-spons%26sp_csd%3Dd2lkZ2V0TmFtZT1zcF9idGY%26psc%3D1,N/A,N/A,N/A
